clave,gib_16_urbano,gib_18_urbano,gib_16_rural,gib_18_rural,grupo,grupo2,uno_u,uno_r,gto_u,gto_r,num_u,num_r,pje_gasto_r,pje_gasto_u
E002,62.9754146882708,69.214118730958,23.8994103263647,26.2670223311285,E,"Educación, cultura y recreación",1,1,222.964744106924,114.123593966923,13,12,4.92639546162431,6.70490479049148
B002,60.8577407879841,67.5749401571441,50.1017940226142,55.6318011317334,B,Transporte público,1,1,199.872191676205,168.940150568105,5,3,7.29267246250636,6.01047497811203
C001,35.5077336081247,38.9704500975918,33.6224355587427,36.9012976598897,C,Limpieza y cuidados de la casa,1,1,86.0705014431802,112.302620753512,14,14,4.84778915540434,2.58827699310898
C002,6.15281668560527,7.145378336662,10.9205416892953,12.6822244182672,C,Limpieza y cuidados de la casa,1,1,86.0705014431802,112.302620753512,14,14,4.84778915540434,2.58827699310898
C006,7.65462848108987,9.03004170405655,4.41027150880674,5.20272613479824,C,Limpieza y cuidados de la casa,1,1,86.0705014431802,112.302620753512,14,14,4.84778915540434,2.58827699310898
F003,56.9990001426857,56.0247653093859,,,F,Comunicaciones y servicios para vehículos,1,,373.718595277249,171.328337536329,4,4,7.39576379562,11.2383130786297
F007,224.830403283519,316.266900553519,115.003183465004,161.773940966509,F,Comunicaciones y servicios para vehículos,1,1,373.718595277249,171.328337536329,4,4,7.39576379562,11.2383130786297
G009,69.277136453782,97.4078106900362,,,G,Vivienda y servicios de conservación,1,,329.368942677755,110.766588906965,7,11,4.78148296879814,9.90464842522434
H087,0.129406688751512,0.135563487087485,0.0777711030783845,0.0814712286487037,H,"Prendas de vestir, calzado y accesorios",1,1,219.725629137589,150.393916903284,103,100,6.49208357303381,6.60749944705103
K015,5.54874694211286,5.93729148799288,3.84142885025967,4.11042043407593,K,Enseres domésticos y mantenimiento de la vivienda,1,1,32.0929336197309,21.4205451546647,17,11,0.924664854719204,0.965085602343787
R002,50.3975142020417,56.1252591229777,19.5367238793225,21.7570986883441,R,Vivienda y servicios de conservación,1,1,329.368942677755,110.766588906965,7,11,4.78148296879814,9.90464842522434
R001,83.7049893541554,90.5472925768063,49.2008484990686,53.2226771479916,R,Vivienda y servicios de conservación,1,1,329.368942677755,110.766588906965,7,11,4.78148296879814,9.90464842522434
C011,1.28477269327276,1.40551131029597,3.26826359740342,3.57540401911692,C,Limpieza y cuidados de la casa,1,1,86.0705014431802,112.302620753512,14,14,4.84778915540434,2.58827699310898
D001,15.4895985394467,17.4316280686527,13.1514089050888,14.8002847219347,D,Cuidados personales,1,1,166.415436316109,154.803638066221,14,15,6.68243886740365,5.00437708498219
D005,21.0127389912285,22.5749640405188,14.8236383217848,15.9257249711064,D,Cuidados personales,1,1,166.415436316109,154.803638066221,14,15,6.68243886740365,5.00437708498219
D014,29.2943660945057,34.4927617977359,24.1044919976529,28.3819249765712,D,Cuidados personales,1,1,166.415436316109,154.803638066221,14,15,6.68243886740365,5.00437708498219
H116,4.97820703271915,5.39647776482812,2.9226711123769,3.16823498263239,H,"Prendas de vestir, calzado y accesorios",1,1,219.725629137589,150.393916903284,103,100,6.49208357303381,6.60749944705103
J016,6.66960096878822,7.32002272959838,7.88207111488521,8.65073337779506,J,Cuidados de la salud,1,1,91.198288910526,85.6673712831968,63,62,3.69802014140164,2.74247772512221
J030,1.45009714722837,1.65295181429281,1.61452573950176,1.84038238778191,J,Cuidados de la salud,1,1,91.198288910526,85.6673712831968,63,62,3.69802014140164,2.74247772512221
C009,2.31650842824206,2.58738759001818,2.30430453816805,2.5737566472845,C,Limpieza y cuidados de la casa,1,1,86.0705014431802,112.302620753512,14,14,4.84778915540434,2.58827699310898
C010,1.2998038090005,1.42878165252248,1.18431062991941,1.30182823530681,C,Limpieza y cuidados de la casa,1,1,86.0705014431802,112.302620753512,14,14,4.84778915540434,2.58827699310898
C012,1.36122988373813,1.51920299934316,0.614775377136432,0.686121137969126,C,Limpieza y cuidados de la casa,1,1,86.0705014431802,112.302620753512,14,14,4.84778915540434,2.58827699310898
C013,4.42313235228448,4.68461818836783,3.85724764047303,4.08527961960399,C,Limpieza y cuidados de la casa,1,1,86.0705014431802,112.302620753512,14,14,4.84778915540434,2.58827699310898
C015,5.8602206763981,6.40732657148442,5.05508745403102,5.52702670325008,C,Limpieza y cuidados de la casa,1,1,86.0705014431802,112.302620753512,14,14,4.84778915540434,2.58827699310898
D003,15.6371491763543,17.2801114146547,13.1179490246479,14.4962242235594,D,Cuidados personales,1,1,166.415436316109,154.803638066221,14,15,6.68243886740365,5.00437708498219
D007,19.0931996341856,20.3406524766679,12.6435161234011,13.4695793516339,D,Cuidados personales,1,1,166.415436316109,154.803638066221,14,15,6.68243886740365,5.00437708498219
D010,5.07253177538257,5.44965710902574,3.60912080588094,3.8774465549047,D,Cuidados personales,1,1,166.415436316109,154.803638066221,14,15,6.68243886740365,5.00437708498219
H056,16.8014961374584,17.7486702836995,8.78339142713414,9.27854978732023,H,"Prendas de vestir, calzado y accesorios",1,1,219.725629137589,150.393916903284,103,100,6.49208357303381,6.60749944705103
H070,0.905709473659165,0.92761490502368,0.257079752533573,0.263297466975245,H,"Prendas de vestir, calzado y accesorios",1,1,219.725629137589,150.393916903284,103,100,6.49208357303381,6.60749944705103
H108,9.49566807858532,10.1347348299923,5.34867654966965,5.70864715085705,H,"Prendas de vestir, calzado y accesorios",1,1,219.725629137589,150.393916903284,103,100,6.49208357303381,6.60749944705103
J020,1.98955041430416,2.23543153495362,2.05334108131393,2.30710585275131,J,Cuidados de la salud,1,1,91.198288910526,85.6673712831968,63,62,3.69802014140164,2.74247772512221
J035,7.01818006158782,7.8200134429681,6.44147431503992,7.17741854641864,J,Cuidados de la salud,1,1,91.198288910526,85.6673712831968,63,62,3.69802014140164,2.74247772512221
J044,0.33282742943572,0.373960330991851,0.272710223958832,0.306413464146899,J,Cuidados de la salud,1,1,91.198288910526,85.6673712831968,63,62,3.69802014140164,2.74247772512221
J056,0.412962103507481,0.47355739077453,0.477903255539182,0.54802757157035,J,Cuidados de la salud,1,1,91.198288910526,85.6673712831968,63,62,3.69802014140164,2.74247772512221
L008,0.693582749853871,0.652771206844674,0.149143005092443,0.140367186823991,L,Artículos de esparcimiento,1,1,13.0625484430197,3.52088070651769,8,3,0.151986544855366,0.392811625813043
M018,5.99391703680141,6.56018553976346,2.83540927490942,3.10328134513155,M,Transporte,1,1,17.0507307000677,23.5162869106015,3,5,1.01513214825867,0.512742615027243
J017,7.07631491621669,7.76639955986952,5.27809750894566,5.79281937784929,J,Cuidados de la salud,1,1,91.198288910526,85.6673712831968,63,62,3.69802014140164,2.74247772512221
R007,33.3074468999956,32.7381513878458,5.42010970307372,5.32746843463354,R,Vivienda y servicios de conservación,1,1,329.368942677755,110.766588906965,7,11,4.78148296879814,9.90464842522434
J025,2.54493373866595,2.861550304088,1.78697178366665,2.00928989751555,J,Cuidados de la salud,1,1,91.198288910526,85.6673712831968,63,62,3.69802014140164,2.74247772512221
D017,2.97762477823813,3.2235759000669,2.61584410506879,2.83191222650333,D,Cuidados personales,1,1,166.415436316109,154.803638066221,14,15,6.68243886740365,5.00437708498219
E014,27.4798059543512,30.6625846253472,11.718875774237,13.0761847714058,E,"Educación, cultura y recreación",1,1,222.964744106924,114.123593966923,13,12,4.92639546162431,6.70490479049148
H098,7.47079145209109,8.09849001696833,5.64610051918239,6.12048790046197,H,"Prendas de vestir, calzado y accesorios",1,1,219.725629137589,150.393916903284,103,100,6.49208357303381,6.60749944705103
H102,5.55711987664169,5.84624477598747,6.74424177208259,7.09513004996788,H,"Prendas de vestir, calzado y accesorios",1,1,219.725629137589,150.393916903284,103,100,6.49208357303381,6.60749944705103
H134,19.5697022142811,21.5045590244617,16.8498911758434,18.515840219697,H,"Prendas de vestir, calzado y accesorios",1,1,219.725629137589,150.393916903284,103,100,6.49208357303381,6.60749944705103
B004,88.7228426535071,102.786414894982,94.07382292398,108.985585950892,B,Transporte público,1,1,199.872191676205,168.940150568105,5,3,7.29267246250636,6.01047497811203
E024,0.391276069748857,0.415055057077239,,,E,"Educación, cultura y recreación",1,,222.964744106924,114.123593966923,13,12,4.92639546162431,6.70490479049148
H076,0.351190367767242,0.370444869941835,0.235143352910435,0.24803541549387,H,"Prendas de vestir, calzado y accesorios",1,1,219.725629137589,150.393916903284,103,100,6.49208357303381,6.60749944705103
L005,6.56120696731074,6.17762370410332,2.32586346547582,2.1898881331464,L,Artículos de esparcimiento,1,1,13.0625484430197,3.52088070651769,8,3,0.151986544855366,0.392811625813043
J022,0.263897851183813,0.300748870925784,0.295520538894,0.33678738954886,J,Cuidados de la salud,1,1,91.198288910526,85.6673712831968,63,62,3.69802014140164,2.74247772512221
J031,1.34760446527101,1.54534289938371,1.90750434773099,2.18739873254785,J,Cuidados de la salud,1,1,91.198288910526,85.6673712831968,63,62,3.69802014140164,2.74247772512221
R010,37.7084311460276,39.8198479287095,4.75745125109745,5.02383630369903,R,Vivienda y servicios de conservación,1,1,329.368942677755,110.766588906965,7,11,4.78148296879814,9.90464842522434
C008,3.43462919216531,3.83625496017149,4.22469389387256,4.71870528048397,C,Limpieza y cuidados de la casa,1,1,86.0705014431802,112.302620753512,14,14,4.84778915540434,2.58827699310898
D011,9.48385405114099,10.5449666414387,5.84960106763348,6.50409082544856,D,Cuidados personales,1,1,166.415436316109,154.803638066221,14,15,6.68243886740365,5.00437708498219
F006,1.13736463110509,1.13772004049184,,,F,Comunicaciones y servicios para vehículos,1,,373.718595277249,171.328337536329,4,4,7.39576379562,11.2383130786297
H028,5.05622612093205,5.28501639387917,5.21355823299213,5.44946766081893,H,"Prendas de vestir, calzado y accesorios",1,1,219.725629137589,150.393916903284,103,100,6.49208357303381,6.60749944705103
H030,2.22373309840033,2.3293169354736,1.84081815098532,1.92822101595818,H,"Prendas de vestir, calzado y accesorios",1,1,219.725629137589,150.393916903284,103,100,6.49208357303381,6.60749944705103
H058,4.93083201596496,5.33686674306483,2.62720437483634,2.8435443774806,H,"Prendas de vestir, calzado y accesorios",1,1,219.725629137589,150.393916903284,103,100,6.49208357303381,6.60749944705103
H062,1.56680663763395,1.76115984931487,1.03527332025718,1.16369292860362,H,"Prendas de vestir, calzado y accesorios",1,1,219.725629137589,150.393916903284,103,100,6.49208357303381,6.60749944705103
H064,1.00285207456209,1.06911042588598,0.64613792334545,0.688828201019161,H,"Prendas de vestir, calzado y accesorios",1,1,219.725629137589,150.393916903284,103,100,6.49208357303381,6.60749944705103
H068,12.5646872779938,13.1919217566446,6.39636118727885,6.71567023061587,H,"Prendas de vestir, calzado y accesorios",1,1,219.725629137589,150.393916903284,103,100,6.49208357303381,6.60749944705103
H069,10.5779781030685,10.8338164044787,4.69720849037311,4.81081487429993,H,"Prendas de vestir, calzado y accesorios",1,1,219.725629137589,150.393916903284,103,100,6.49208357303381,6.60749944705103
H078,2.51990154348801,2.74594249511292,1.39114785637897,1.5159370117805,H,"Prendas de vestir, calzado y accesorios",1,1,219.725629137589,150.393916903284,103,100,6.49208357303381,6.60749944705103
H114,10.7160311595972,11.2799343090976,5.28685465947776,5.56506157666841,H,"Prendas de vestir, calzado y accesorios",1,1,219.725629137589,150.393916903284,103,100,6.49208357303381,6.60749944705103
H120,0.217863174917733,0.235873579800092,0.153606561007098,0.166304973014401,H,"Prendas de vestir, calzado y accesorios",1,1,219.725629137589,150.393916903284,103,100,6.49208357303381,6.60749944705103
I003,0.468411055138595,0.521460255939954,0.344768982307345,0.383815283140469,I,"Cristalería, blancos y utensilios domésticos",1,1,18.5388655662831,17.2764005041131,18,20,0.74577375350915,0.55749319940035
K036,0.943655904200579,1.01198623865901,0.915252886707678,0.981526552335575,K,Enseres domésticos y mantenimiento de la vivienda,1,1,32.0929336197309,21.4205451546647,17,11,0.924664854719204,0.965085602343787
H110,9.07083146107422,9.83296595872051,3.67748140815493,3.98646470892897,H,"Prendas de vestir, calzado y accesorios",1,1,219.725629137589,150.393916903284,103,100,6.49208357303381,6.60749944705103
C007,2.36053081844056,2.57949414106792,,,C,Limpieza y cuidados de la casa,1,,86.0705014431802,112.302620753512,14,14,4.84778915540434,2.58827699310898
D015,10.3667358645568,11.3067003284131,8.7400640227971,9.53253618574146,D,Cuidados personales,1,1,166.415436316109,154.803638066221,14,15,6.68243886740365,5.00437708498219
H121,0.0669013159750421,0.0724319421964222,0.0607625947777907,0.0657857426046961,H,"Prendas de vestir, calzado y accesorios",1,1,219.725629137589,150.393916903284,103,100,6.49208357303381,6.60749944705103
J027,1.1864209011312,1.33357381141194,1.24667139125795,1.40129722700682,J,Cuidados de la salud,1,1,91.198288910526,85.6673712831968,63,62,3.69802014140164,2.74247772512221
J028,2.36151340558847,2.65531054942589,3.35112949287106,3.7680453025823,J,Cuidados de la salud,1,1,91.198288910526,85.6673712831968,63,62,3.69802014140164,2.74247772512221
J040,6.29073587138222,6.88603074205768,11.6514122395573,12.7539900753058,J,Cuidados de la salud,1,1,91.198288910526,85.6673712831968,63,62,3.69802014140164,2.74247772512221
J045,0.268746791419608,0.298228433761914,0.426770408752891,0.473587312079145,J,Cuidados de la salud,1,1,91.198288910526,85.6673712831968,63,62,3.69802014140164,2.74247772512221
K022,0.48706630638628,0.530265596471459,,,K,Enseres domésticos y mantenimiento de la vivienda,1,,32.0929336197309,21.4205451546647,17,11,0.924664854719204,0.965085602343787
E004,45.8689037071195,50.4980193851726,31.0596641014935,34.1942229513265,E,"Educación, cultura y recreación",1,1,222.964744106924,114.123593966923,13,12,4.92639546162431,6.70490479049148
D004,3.86934433371481,4.275888170803,3.63776702620193,4.01997952468101,D,Cuidados personales,1,1,166.415436316109,154.803638066221,14,15,6.68243886740365,5.00437708498219
E016,4.67798047540533,5.14020250120263,2.9197974999542,3.20829693308401,E,"Educación, cultura y recreación",1,1,222.964744106924,114.123593966923,13,12,4.92639546162431,6.70490479049148
H040,4.25987961031757,4.42615257738944,4.2431998035198,4.40882171910192,H,"Prendas de vestir, calzado y accesorios",1,1,219.725629137589,150.393916903284,103,100,6.49208357303381,6.60749944705103
H041,2.76915846977795,2.8772451382244,2.17685210196365,2.26181968109276,H,"Prendas de vestir, calzado y accesorios",1,1,219.725629137589,150.393916903284,103,100,6.49208357303381,6.60749944705103
H044,1.59162256463268,1.65374727952815,1.18669072659395,1.23301001402863,H,"Prendas de vestir, calzado y accesorios",1,1,219.725629137589,150.393916903284,103,100,6.49208357303381,6.60749944705103
H048,0.577198745378989,0.609284065196726,0.6632694821433,0.700139301473795,H,"Prendas de vestir, calzado y accesorios",1,1,219.725629137589,150.393916903284,103,100,6.49208357303381,6.60749944705103
H049,0.581935533058953,0.633020850904671,0.751605741463241,0.817585589773048,H,"Prendas de vestir, calzado y accesorios",1,1,219.725629137589,150.393916903284,103,100,6.49208357303381,6.60749944705103
H050,0.402120140651337,0.437420331188521,0.499410786535907,0.543251654323546,H,"Prendas de vestir, calzado y accesorios",1,1,219.725629137589,150.393916903284,103,100,6.49208357303381,6.60749944705103
H057,8.33018620056165,9.01614444648948,3.34283625096638,3.61810573905804,H,"Prendas de vestir, calzado y accesorios",1,1,219.725629137589,150.393916903284,103,100,6.49208357303381,6.60749944705103
H063,0.709003103424331,0.796950797116993,,,H,"Prendas de vestir, calzado y accesorios",1,,219.725629137589,150.393916903284,103,100,6.49208357303381,6.60749944705103
H077,1.70511147217398,1.85806388445881,1.11081008378198,1.21045229760637,H,"Prendas de vestir, calzado y accesorios",1,1,219.725629137589,150.393916903284,103,100,6.49208357303381,6.60749944705103
H103,0.560604228070337,0.58977125066687,0.358505569014556,0.37715783653031,H,"Prendas de vestir, calzado y accesorios",1,1,219.725629137589,150.393916903284,103,100,6.49208357303381,6.60749944705103
J018,5.93802916509669,6.45100422835201,,,J,Cuidados de la salud,1,,91.198288910526,85.6673712831968,63,62,3.69802014140164,2.74247772512221
L001,0.0638928169022896,0.0623224995648326,,,L,Artículos de esparcimiento,1,,13.0625484430197,3.52088070651769,8,3,0.151986544855366,0.392811625813043
E001,22.2970679424568,24.5007398551813,8.55087507990227,9.39597826976683,E,"Educación, cultura y recreación",1,1,222.964744106924,114.123593966923,13,12,4.92639546162431,6.70490479049148
H034,0.646639829288862,0.712723581739973,0.724245661060227,0.798260388906376,H,"Prendas de vestir, calzado y accesorios",1,1,219.725629137589,150.393916903284,103,100,6.49208357303381,6.60749944705103
H129,0.811408761341533,0.858688146127747,,,H,"Prendas de vestir, calzado y accesorios",1,,219.725629137589,150.393916903284,103,100,6.49208357303381,6.60749944705103
J065,6.29572520719795,6.85874126640633,2.20611013698501,2.40339883600334,J,Cuidados de la salud,1,1,91.198288910526,85.6673712831968,63,62,3.69802014140164,2.74247772512221
J039,3.12836366011111,3.41203968814632,6.48511670338175,7.07317881752061,J,Cuidados de la salud,1,1,91.198288910526,85.6673712831968,63,62,3.69802014140164,2.74247772512221
J057,0.506807264080515,0.590435111596834,0.564070788642652,0.657147642990033,J,Cuidados de la salud,1,1,91.198288910526,85.6673712831968,63,62,3.69802014140164,2.74247772512221
E003,31.7886311057159,34.7723561121298,17.8281950451041,19.5015741597441,E,"Educación, cultura y recreación",1,1,222.964744106924,114.123593966923,13,12,4.92639546162431,6.70490479049148
B003,4.29129838630486,4.33180877090128,,,B,Transporte público,1,,199.872191676205,168.940150568105,5,3,7.29267246250636,6.01047497811203
D021,0.683589432116296,0.740053761983532,0.751346693696378,0.813407757785959,D,Cuidados personales,1,1,166.415436316109,154.803638066221,14,15,6.68243886740365,5.00437708498219
H036,0.577477463001484,0.609578276172468,0.663621907709658,0.700511317670069,H,"Prendas de vestir, calzado y accesorios",1,1,219.725629137589,150.393916903284,103,100,6.49208357303381,6.60749944705103
H096,5.45476611483596,5.73856576985793,6.67878565127628,7.02626838910489,H,"Prendas de vestir, calzado y accesorios",1,1,219.725629137589,150.393916903284,103,100,6.49208357303381,6.60749944705103
H104,5.50923073942541,5.97211827294731,4.60080419949666,4.98736541082547,H,"Prendas de vestir, calzado y accesorios",1,1,219.725629137589,150.393916903284,103,100,6.49208357303381,6.60749944705103
E019,0.218137201892137,0.231473694646315,,,E,"Educación, cultura y recreación",1,,222.964744106924,114.123593966923,13,12,4.92639546162431,6.70490479049148
E023,2.01483523712105,2.27529606286226,,,E,"Educación, cultura y recreación",1,,222.964744106924,114.123593966923,13,12,4.92639546162431,6.70490479049148
H033,0.48893287990494,0.515722991416893,0.572615306755994,0.603990631574458,H,"Prendas de vestir, calzado y accesorios",1,1,219.725629137589,150.393916903284,103,100,6.49208357303381,6.60749944705103
H128,5.01371676213389,5.31171497967354,4.44726210884102,4.71159219453222,H,"Prendas de vestir, calzado y accesorios",1,1,219.725629137589,150.393916903284,103,100,6.49208357303381,6.60749944705103
J053,0.477915349429347,0.544771117871327,0.424305337936789,0.483661580534291,J,Cuidados de la salud,1,1,91.198288910526,85.6673712831968,63,62,3.69802014140164,2.74247772512221
J024,0.520721969267424,0.584248874769287,0.572236802293475,0.642048401207053,J,Cuidados de la salud,1,1,91.198288910526,85.6673712831968,63,62,3.69802014140164,2.74247772512221
J029,0.460832163482944,0.525298158243774,0.451992713932024,0.515222154577075,J,Cuidados de la salud,1,1,91.198288910526,85.6673712831968,63,62,3.69802014140164,2.74247772512221
J021,1.03226976713218,1.14551021891435,0.868650470356308,0.963941812635204,J,Cuidados de la salud,1,1,91.198288910526,85.6673712831968,63,62,3.69802014140164,2.74247772512221
D016,14.6434195930942,16.3826298721727,17.1116787745827,19.1440461070793,D,Cuidados personales,1,1,166.415436316109,154.803638066221,14,15,6.68243886740365,5.00437708498219
H015,0.628348754336867,0.664345876762164,,,H,"Prendas de vestir, calzado y accesorios",1,,219.725629137589,150.393916903284,103,100,6.49208357303381,6.60749944705103
H020,0.307907610717455,0.325547158631215,0.268969701522881,0.284378557206271,H,"Prendas de vestir, calzado y accesorios",1,1,219.725629137589,150.393916903284,103,100,6.49208357303381,6.60749944705103
H021,0.17226400468031,0.182132741465654,0.24701343329195,0.261164448532343,H,"Prendas de vestir, calzado y accesorios",1,1,219.725629137589,150.393916903284,103,100,6.49208357303381,6.60749944705103
N002,10.5847265955221,11.2482088539383,9.99174392301244,10.6180562574625,N,Otros gastos,1,1,11.2482088539383,17.7636193272653,1,3,0.766805623570049,0.338251546141539
D008,1.84566792012464,1.99750332532373,,,D,Cuidados personales,1,,166.415436316109,154.803638066221,14,15,6.68243886740365,5.00437708498219
D018,0.345781902993714,0.374343408651157,0.438511395029528,0.474732335401346,D,Cuidados personales,1,1,166.415436316109,154.803638066221,14,15,6.68243886740365,5.00437708498219
H009,0.206848222316649,0.218346499850849,0.207689777895636,0.219234835815471,H,"Prendas de vestir, calzado y accesorios",1,1,219.725629137589,150.393916903284,103,100,6.49208357303381,6.60749944705103
H081,0.94236433942527,1.01041783890954,0.316494999331095,0.339350906937795,H,"Prendas de vestir, calzado y accesorios",1,1,219.725629137589,150.393916903284,103,100,6.49208357303381,6.60749944705103
H084,1.35066726458742,1.42093955411728,1.7734061953813,1.86567267498236,H,"Prendas de vestir, calzado y accesorios",1,1,219.725629137589,150.393916903284,103,100,6.49208357303381,6.60749944705103
H135,0.625180153478133,0.686991726505759,0.665218889696534,0.73098909329477,H,"Prendas de vestir, calzado y accesorios",1,1,219.725629137589,150.393916903284,103,100,6.49208357303381,6.60749944705103
H018,0.127829551990469,0.135483847252083,0.119501634236492,0.126657262793805,H,"Prendas de vestir, calzado y accesorios",1,1,219.725629137589,150.393916903284,103,100,6.49208357303381,6.60749944705103
H023,0.189637344380988,0.200178903752977,0.186586692499648,0.196958672256212,H,"Prendas de vestir, calzado y accesorios",1,1,219.725629137589,150.393916903284,103,100,6.49208357303381,6.60749944705103
H027,0.365827484864658,0.386785172244988,,,H,"Prendas de vestir, calzado y accesorios",1,,219.725629137589,150.393916903284,103,100,6.49208357303381,6.60749944705103
H109,1.86019972749626,1.98539279311112,2.34074015438895,2.49827401024548,H,"Prendas de vestir, calzado y accesorios",1,1,219.725629137589,150.393916903284,103,100,6.49208357303381,6.60749944705103
H130,0.605605952338394,0.656166316981851,0.90694618033257,0.982664606501509,H,"Prendas de vestir, calzado y accesorios",1,1,219.725629137589,150.393916903284,103,100,6.49208357303381,6.60749944705103
J055,1.01324578900134,1.14489145429607,0.742061931059062,0.838474112253951,J,Cuidados de la salud,1,1,91.198288910526,85.6673712831968,63,62,3.69802014140164,2.74247772512221
K027,1.48764441859109,1.52757699440627,2.03764523151833,2.09234138180477,K,Enseres domésticos y mantenimiento de la vivienda,1,1,32.0929336197309,21.4205451546647,17,11,0.924664854719204,0.965085602343787
H124,0.845614151982631,0.895874571940992,0.536399530207495,0.568281288087832,H,"Prendas de vestir, calzado y accesorios",1,1,219.725629137589,150.393916903284,103,100,6.49208357303381,6.60749944705103
J032,1.56609589341674,1.82451608162813,1.68809132604957,1.96664187970948,J,Cuidados de la salud,1,1,91.198288910526,85.6673712831968,63,62,3.69802014140164,2.74247772512221
H071,1.12437463947098,1.18735433622102,,,H,"Prendas de vestir, calzado y accesorios",1,,219.725629137589,150.393916903284,103,100,6.49208357303381,6.60749944705103
L007,5.1541454274542,4.85086708347502,1.2650638094762,1.1906253865473,L,Artículos de esparcimiento,1,1,13.0625484430197,3.52088070651769,8,3,0.151986544855366,0.392811625813043
H100,0.0708915604755981,0.0742643771806822,0.206186428269754,0.215996185947034,H,"Prendas de vestir, calzado y accesorios",1,1,219.725629137589,150.393916903284,103,100,6.49208357303381,6.60749944705103
I004,0.466980859996992,0.517005573813204,0.35421627982149,0.392161235482473,I,"Cristalería, blancos y utensilios domésticos",1,1,18.5388655662831,17.2764005041131,18,20,0.74577375350915,0.55749319940035
I011,0.221254076152068,0.24212413438129,0.23688534167556,0.259229837923486,I,"Cristalería, blancos y utensilios domésticos",1,1,18.5388655662831,17.2764005041131,18,20,0.74577375350915,0.55749319940035
I021,0.958150978246988,1.08113852399229,0.384109251362914,0.433413228706465,I,"Cristalería, blancos y utensilios domésticos",1,1,18.5388655662831,17.2764005041131,18,20,0.74577375350915,0.55749319940035
K014,1.10568528561661,1.21592525758428,0.19463551374465,0.214041228786934,K,Enseres domésticos y mantenimiento de la vivienda,1,1,32.0929336197309,21.4205451546647,17,11,0.924664854719204,0.965085602343787
L002,0.554279538469245,0.540656805723137,,,L,Artículos de esparcimiento,1,,13.0625484430197,3.52088070651769,8,3,0.151986544855366,0.392811625813043
J060,0.496164589563268,0.572730236140358,0.365017758791291,0.421345480079453,J,Cuidados de la salud,1,1,91.198288910526,85.6673712831968,63,62,3.69802014140164,2.74247772512221
H112,0.294469764794976,0.308479789897817,0.26526587068539,0.277886458438488,H,"Prendas de vestir, calzado y accesorios",1,1,219.725629137589,150.393916903284,103,100,6.49208357303381,6.60749944705103
H118,0.459642354055732,0.481510816249578,0.621280462138647,0.650839200967155,H,"Prendas de vestir, calzado y accesorios",1,1,219.725629137589,150.393916903284,103,100,6.49208357303381,6.60749944705103
I002,0.53036880375896,0.583959916352572,0.978953658071237,1.07787202457732,I,"Cristalería, blancos y utensilios domésticos",1,1,18.5388655662831,17.2764005041131,18,20,0.74577375350915,0.55749319940035
I019,1.50901655704248,1.65146720545265,1.07917883781517,1.18105295210493,I,"Cristalería, blancos y utensilios domésticos",1,1,18.5388655662831,17.2764005041131,18,20,0.74577375350915,0.55749319940035
I020,0.182153864240578,0.200228755571301,0.118615824975838,0.130385919206234,I,"Cristalería, blancos y utensilios domésticos",1,1,18.5388655662831,17.2764005041131,18,20,0.74577375350915,0.55749319940035
I026,0.38457816351406,0.422739355112526,0.242108583833445,0.266132704108187,I,"Cristalería, blancos y utensilios domésticos",1,1,18.5388655662831,17.2764005041131,18,20,0.74577375350915,0.55749319940035
J048,0.118502432513915,0.132959461939125,0.254137367244605,0.285141552714546,J,Cuidados de la salud,1,1,91.198288910526,85.6673712831968,63,62,3.69802014140164,2.74247772512221
K001,2.67297074188318,2.88820799277102,2.25252702457984,2.43390862996904,K,Enseres domésticos y mantenimiento de la vivienda,1,1,32.0929336197309,21.4205451546647,17,11,0.924664854719204,0.965085602343787
I016,1.42806918229826,1.56660398015875,1.56116943199513,1.71261608063673,I,"Cristalería, blancos y utensilios domésticos",1,1,18.5388655662831,17.2764005041131,18,20,0.74577375350915,0.55749319940035
I017,1.48017577559905,1.61633828345158,0.938390642984443,1.02471391985499,I,"Cristalería, blancos y utensilios domésticos",1,1,18.5388655662831,17.2764005041131,18,20,0.74577375350915,0.55749319940035
K028,1.41697275068114,1.4898846195659,,,K,Enseres domésticos y mantenimiento de la vivienda,1,,32.0929336197309,21.4205451546647,17,11,0.924664854719204,0.965085602343787
H053,0.257979553703965,0.268049093165677,0.341757343744295,0.355096924380643,H,"Prendas de vestir, calzado y accesorios",1,1,219.725629137589,150.393916903284,103,100,6.49208357303381,6.60749944705103
H072,4.15398541216026,4.38986046379542,1.59892030433247,1.68971152575585,H,"Prendas de vestir, calzado y accesorios",1,1,219.725629137589,150.393916903284,103,100,6.49208357303381,6.60749944705103
H117,1.18870956967623,1.24526495465012,0.868202384751452,0.909508959004272,H,"Prendas de vestir, calzado y accesorios",1,1,219.725629137589,150.393916903284,103,100,6.49208357303381,6.60749944705103
M012,8.19761368908715,9.43969251432782,,,M,Transporte,1,,17.0507307000677,23.5162869106015,3,5,1.01513214825867,0.512742615027243
C018,0.673292648946375,0.749545411429676,1.37926503040359,1.5354716501097,C,Limpieza y cuidados de la casa,1,1,86.0705014431802,112.302620753512,14,14,4.84778915540434,2.58827699310898
F004,0.292199202848245,0.289209373852829,0.326215650924133,0.322877760189373,F,Comunicaciones y servicios para vehículos,1,1,373.718595277249,171.328337536329,4,4,7.39576379562,11.2383130786297
H122,0.0233640816889665,0.0252955534536724,0.0352391024033008,0.038152263391678,H,"Prendas de vestir, calzado y accesorios",1,1,219.725629137589,150.393916903284,103,100,6.49208357303381,6.60749944705103
I024,0.0844802360921522,0.0928631001797497,0.151572641393501,0.166612997706117,I,"Cristalería, blancos y utensilios domésticos",1,1,18.5388655662831,17.2764005041131,18,20,0.74577375350915,0.55749319940035
H045,0.276395884454426,0.28718425595755,0.246048461637585,0.255652302943537,H,"Prendas de vestir, calzado y accesorios",1,1,219.725629137589,150.393916903284,103,100,6.49208357303381,6.60749944705103
H046,0.461999082786707,0.487313410079816,0.479367649043272,0.505633652621491,H,"Prendas de vestir, calzado y accesorios",1,1,219.725629137589,150.393916903284,103,100,6.49208357303381,6.60749944705103
H115,1.84697650540396,1.94416881969821,0.933533182799723,0.982657928155885,H,"Prendas de vestir, calzado y accesorios",1,1,219.725629137589,150.393916903284,103,100,6.49208357303381,6.60749944705103
I014,6.15531290352888,7.21109357476512,5.06420897574436,5.93283970751864,I,"Cristalería, blancos y utensilios domésticos",1,1,18.5388655662831,17.2764005041131,18,20,0.74577375350915,0.55749319940035
J059,0.512540710614655,0.571098947576478,0.644468505374882,0.718099611491149,J,Cuidados de la salud,1,1,91.198288910526,85.6673712831968,63,62,3.69802014140164,2.74247772512221
K009,6.16833183834208,6.74433697560993,5.96258315573055,6.51937527053524,K,Enseres domésticos y mantenimiento de la vivienda,1,1,32.0929336197309,21.4205451546647,17,11,0.924664854719204,0.965085602343787
K026,2.09780576583077,2.15411679469135,,,K,Enseres domésticos y mantenimiento de la vivienda,1,,32.0929336197309,21.4205451546647,17,11,0.924664854719204,0.965085602343787
J026,0.526607460530001,0.600274787773312,0.711756874334758,0.811324826764683,J,Cuidados de la salud,1,1,91.198288910526,85.6673712831968,63,62,3.69802014140164,2.74247772512221
K010,1.05044531066475,1.12455596056691,1.05030451083803,1.1244052270801,K,Enseres domésticos y mantenimiento de la vivienda,1,1,32.0929336197309,21.4205451546647,17,11,0.924664854719204,0.965085602343787
H111,0.187530820108753,0.196452997565951,0.317154898610147,0.332244217182839,H,"Prendas de vestir, calzado y accesorios",1,1,219.725629137589,150.393916903284,103,100,6.49208357303381,6.60749944705103
B001,11.2079273015319,11.3137315138334,,,B,Transporte público,1,,199.872191676205,168.940150568105,5,3,7.29267246250636,6.01047497811203
J063,0.564439097476229,0.635947959548136,0.626700849531428,0.706097661002974,J,Cuidados de la salud,1,1,91.198288910526,85.6673712831968,63,62,3.69802014140164,2.74247772512221
J041,2.70450807274737,2.79789216451216,1.54813870343368,1.60159446058334,J,Cuidados de la salud,1,1,91.198288910526,85.6673712831968,63,62,3.69802014140164,2.74247772512221
R006,6.5936498255279,6.52618254552912,3.2874094130294,3.25377211392977,R,Vivienda y servicios de conservación,1,1,329.368942677755,110.766588906965,7,11,4.78148296879814,9.90464842522434
J019,4.56554840626752,4.7231924508994,4.09786979531684,4.23936534227495,J,Cuidados de la salud,1,1,91.198288910526,85.6673712831968,63,62,3.69802014140164,2.74247772512221
H067,0.318884671743454,0.342046094233443,,,H,"Prendas de vestir, calzado y accesorios",1,,219.725629137589,150.393916903284,103,100,6.49208357303381,6.60749944705103
I007,0.135899948685401,0.151291096241842,,,I,"Cristalería, blancos y utensilios domésticos",1,,18.5388655662831,17.2764005041131,18,20,0.74577375350915,0.55749319940035
I025,0.0234522981740935,0.0257794392573734,0.0562973705263664,0.0618836854734134,I,"Cristalería, blancos y utensilios domésticos",1,1,18.5388655662831,17.2764005041131,18,20,0.74577375350915,0.55749319940035
J001,1.97166713630885,2.08831853726636,0.726041195016096,0.768996580837478,J,Cuidados de la salud,1,1,91.198288910526,85.6673712831968,63,62,3.69802014140164,2.74247772512221
H014,1.08587514528661,1.14808324273835,0.863446046717622,0.912911527212026,H,"Prendas de vestir, calzado y accesorios",1,1,219.725629137589,150.393916903284,103,100,6.49208357303381,6.60749944705103
H029,1.48088482358707,1.55119789400473,1.60544512531857,1.68167237429177,H,"Prendas de vestir, calzado y accesorios",1,1,219.725629137589,150.393916903284,103,100,6.49208357303381,6.60749944705103
J047,0.117118302383815,0.129877819900731,0.13218926058444,0.146590691886337,J,Cuidados de la salud,1,1,91.198288910526,85.6673712831968,63,62,3.69802014140164,2.74247772512221
H035,0.286761145438775,0.31606687590795,0.223639588847209,0.246494573273238,H,"Prendas de vestir, calzado y accesorios",1,1,219.725629137589,150.393916903284,103,100,6.49208357303381,6.60749944705103
K007,3.02090644064491,3.31306524758359,1.65563615472221,1.81575653355292,K,Enseres domésticos y mantenimiento de la vivienda,1,1,32.0929336197309,21.4205451546647,17,11,0.924664854719204,0.965085602343787
H075,1.30365243326732,1.37488174038408,,,H,"Prendas de vestir, calzado y accesorios",1,,219.725629137589,150.393916903284,103,100,6.49208357303381,6.60749944705103
J050,0.0973075547477398,0.110919947309808,0.12935387359303,0.147449238452801,J,Cuidados de la salud,1,1,91.198288910526,85.6673712831968,63,62,3.69802014140164,2.74247772512221
K021,0.233805298590744,0.251824121874043,,,K,Enseres domésticos y mantenimiento de la vivienda,1,,32.0929336197309,21.4205451546647,17,11,0.924664854719204,0.965085602343787
E010,0.230291049151012,0.253045653583675,,,E,"Educación, cultura y recreación",1,,222.964744106924,114.123593966923,13,12,4.92639546162431,6.70490479049148
H006,0.334570804149386,0.353737844926933,0.334488308661713,0.353650623401134,H,"Prendas de vestir, calzado y accesorios",1,1,219.725629137589,150.393916903284,103,100,6.49208357303381,6.60749944705103
J061,0.278385539975935,0.32134460903149,0.20488385696332,0.236500512628757,J,Cuidados de la salud,1,1,91.198288910526,85.6673712831968,63,62,3.69802014140164,2.74247772512221
H004,0.780844693737784,0.825578071247679,0.536617815439329,0.567359815108528,H,"Prendas de vestir, calzado y accesorios",1,1,219.725629137589,150.393916903284,103,100,6.49208357303381,6.60749944705103
H090,1.22972128303951,1.29370101536032,1.16363920139584,1.22418082627468,H,"Prendas de vestir, calzado y accesorios",1,1,219.725629137589,150.393916903284,103,100,6.49208357303381,6.60749944705103
J002,1.27251248113161,1.38110434809624,0.636368155080143,0.690673638964696,J,Cuidados de la salud,1,1,91.198288910526,85.6673712831968,63,62,3.69802014140164,2.74247772512221
J003,0.0963931590109045,0.102096148544113,0.0946227211927796,0.100220964824416,J,Cuidados de la salud,1,1,91.198288910526,85.6673712831968,63,62,3.69802014140164,2.74247772512221
J007,0.974875696524768,1.06994590688248,0.679537613649432,0.74580635345485,J,Cuidados de la salud,1,1,91.198288910526,85.6673712831968,63,62,3.69802014140164,2.74247772512221
J009,0.155045716671688,0.174976080879953,0.355814001825458,0.401552141511045,J,Cuidados de la salud,1,1,91.198288910526,85.6673712831968,63,62,3.69802014140164,2.74247772512221
C021,5.03461665680489,5.55715966058394,,,C,Limpieza y cuidados de la casa,1,,86.0705014431802,112.302620753512,14,14,4.84778915540434,2.58827699310898
K012,0.902604463391447,0.934872227260182,0.420179843711275,0.435201112195073,K,Enseres domésticos y mantenimiento de la vivienda,1,1,32.0929336197309,21.4205451546647,17,11,0.924664854719204,0.965085602343787
L009,0.433102129675096,0.443634475308161,,,L,Artículos de esparcimiento,1,,13.0625484430197,3.52088070651769,8,3,0.151986544855366,0.392811625813043
J023,0.685531843750676,0.760217485454012,0.785660139696462,0.87125431337179,J,Cuidados de la salud,1,1,91.198288910526,85.6673712831968,63,62,3.69802014140164,2.74247772512221
H016,0.998876461496733,1.05610053972411,0.555809079781556,0.587650517123313,H,"Prendas de vestir, calzado y accesorios",1,1,219.725629137589,150.393916903284,103,100,6.49208357303381,6.60749944705103
I012,0.331197831880266,0.360460747758096,0.619343379426692,0.674065335511857,I,"Cristalería, blancos y utensilios domésticos",1,1,18.5388655662831,17.2764005041131,18,20,0.74577375350915,0.55749319940035
H091,0.0812397134007698,0.0854664395613132,0.105439490674026,0.11092527878098,H,"Prendas de vestir, calzado y accesorios",1,1,219.725629137589,150.393916903284,103,100,6.49208357303381,6.60749944705103
H092,0.962701155842995,1.04358765064124,0.972555080722418,1.05426950580688,H,"Prendas de vestir, calzado y accesorios",1,1,219.725629137589,150.393916903284,103,100,6.49208357303381,6.60749944705103
J004,0.0993828933314081,0.113420747487346,0.113834526582813,0.129913676912548,J,Cuidados de la salud,1,1,91.198288910526,85.6673712831968,63,62,3.69802014140164,2.74247772512221
J011,0.625860373454743,0.662888677078019,0.815985485988564,0.864262321539899,J,Cuidados de la salud,1,1,91.198288910526,85.6673712831968,63,62,3.69802014140164,2.74247772512221
H013,0.429490555142546,0.454095400759359,,,H,"Prendas de vestir, calzado y accesorios",1,,219.725629137589,150.393916903284,103,100,6.49208357303381,6.60749944705103
L003,0.205919717474769,0.200858752594015,,,L,Artículos de esparcimiento,1,,13.0625484430197,3.52088070651769,8,3,0.151986544855366,0.392811625813043
J062,0.693471942903914,0.761099563249837,0.844504474207125,0.926860838507829,J,Cuidados de la salud,1,1,91.198288910526,85.6673712831968,63,62,3.69802014140164,2.74247772512221
E007,2.43166166483344,2.58032882427422,2.27117704671603,2.4100324824888,E,"Educación, cultura y recreación",1,1,222.964744106924,114.123593966923,13,12,4.92639546162431,6.70490479049148
H001,1.59589196106616,1.68731812830775,1.41010057819559,1.49088304620392,H,"Prendas de vestir, calzado y accesorios",1,1,219.725629137589,150.393916903284,103,100,6.49208357303381,6.60749944705103
H003,0.550957069304109,0.582520542515342,0.4319799829779,0.45672744404185,H,"Prendas de vestir, calzado y accesorios",1,1,219.725629137589,150.393916903284,103,100,6.49208357303381,6.60749944705103
K025,0.425831273449744,0.460772983787058,,,K,Enseres domésticos y mantenimiento de la vivienda,1,,32.0929336197309,21.4205451546647,17,11,0.924664854719204,0.965085602343787
B006,12.544024186396,13.8652963393446,,,B,Transporte público,1,,199.872191676205,168.940150568105,5,3,7.29267246250636,6.01047497811203
H005,0.164724723113579,0.17458826130147,0.103954576274564,0.110179263823033,H,"Prendas de vestir, calzado y accesorios",1,1,219.725629137589,150.393916903284,103,100,6.49208357303381,6.60749944705103
H060,1.13077540181247,1.19322590528091,,,H,"Prendas de vestir, calzado y accesorios",1,,219.725629137589,150.393916903284,103,100,6.49208357303381,6.60749944705103
H086,1.3479128793979,1.46116500072981,0.871188440058884,0.944386003806904,H,"Prendas de vestir, calzado y accesorios",1,1,219.725629137589,150.393916903284,103,100,6.49208357303381,6.60749944705103
G005,5.76045382680775,6.20439842585015,1.0828848556613,1.16634023912751,G,Vivienda y servicios de conservación,1,1,329.368942677755,110.766588906965,7,11,4.78148296879814,9.90464842522434
H105,0.349323910732421,0.36594373844815,0.33047503568479,0.34619808809742,H,"Prendas de vestir, calzado y accesorios",1,1,219.725629137589,150.393916903284,103,100,6.49208357303381,6.60749944705103
I009,1.4784637072427,1.64721928642978,1.04181745067024,1.16073312403698,I,"Cristalería, blancos y utensilios domésticos",1,1,18.5388655662831,17.2764005041131,18,20,0.74577375350915,0.55749319940035
H051,0.108007206901705,0.117488639432897,0.170747632072797,0.185736744371871,H,"Prendas de vestir, calzado y accesorios",1,1,219.725629137589,150.393916903284,103,100,6.49208357303381,6.60749944705103
E020,1.10019034059264,1.24191375443046,1.21659612459611,1.37331460291572,E,"Educación, cultura y recreación",1,1,222.964744106924,114.123593966923,13,12,4.92639546162431,6.70490479049148
H008,0.146365372082743,0.161323270711981,0.121944139710506,0.13440629557609,H,"Prendas de vestir, calzado y accesorios",1,1,219.725629137589,150.393916903284,103,100,6.49208357303381,6.60749944705103
H042,0.668057262913657,0.694133085105798,0.382008334565794,0.3969190045952,H,"Prendas de vestir, calzado y accesorios",1,1,219.725629137589,150.393916903284,103,100,6.49208357303381,6.60749944705103
J010,0.581824355740514,0.657417716431037,0.276819158616218,0.312784807521874,J,Cuidados de la salud,1,1,91.198288910526,85.6673712831968,63,62,3.69802014140164,2.74247772512221
J033,1.04805984291833,1.18422871407214,1.01898158437392,1.15137247121905,J,Cuidados de la salud,1,1,91.198288910526,85.6673712831968,63,62,3.69802014140164,2.74247772512221
K008,0.243380803013234,0.266918720005109,,,K,Enseres domésticos y mantenimiento de la vivienda,1,,32.0929336197309,21.4205451546647,17,11,0.924664854719204,0.965085602343787
K031,0.241814603389826,0.252764891879473,,,K,Enseres domésticos y mantenimiento de la vivienda,1,,32.0929336197309,21.4205451546647,17,11,0.924664854719204,0.965085602343787
H088,0.0415529553597747,0.0435299255525991,0.048364085626656,0.0506651098223902,H,"Prendas de vestir, calzado y accesorios",1,1,219.725629137589,150.393916903284,103,100,6.49208357303381,6.60749944705103
H097,0.252189154499775,0.265310009462312,0.499236042150389,0.525210211079734,H,"Prendas de vestir, calzado y accesorios",1,1,219.725629137589,150.393916903284,103,100,6.49208357303381,6.60749944705103
H073,0.657554990392427,0.694892824285087,0.89932007201453,0.950386011678639,H,"Prendas de vestir, calzado y accesorios",1,1,219.725629137589,150.393916903284,103,100,6.49208357303381,6.60749944705103
H079,0.0708599123368792,0.0772162090969961,,,H,"Prendas de vestir, calzado y accesorios",1,,219.725629137589,150.393916903284,103,100,6.49208357303381,6.60749944705103
J067,0.779567473414518,0.849282874313381,0.214048370677502,0.233190354511396,J,Cuidados de la salud,1,1,91.198288910526,85.6673712831968,63,62,3.69802014140164,2.74247772512221
E017,1.04499636796204,1.17960985005816,1.61696009385459,1.8252523284666,E,"Educación, cultura y recreación",1,1,222.964744106924,114.123593966923,13,12,4.92639546162431,6.70490479049148
I010,0.333939578321669,0.3720562846548,,,I,"Cristalería, blancos y utensilios domésticos",1,,18.5388655662831,17.2764005041131,18,20,0.74577375350915,0.55749319940035
H022,0.160576629848574,0.170191784699993,0.115925448329639,0.122866938744282,H,"Prendas de vestir, calzado y accesorios",1,1,219.725629137589,150.393916903284,103,100,6.49208357303381,6.60749944705103
J054,0.228035259443015,0.259935202644531,0.295318161910795,0.336630337117125,J,Cuidados de la salud,1,1,91.198288910526,85.6673712831968,63,62,3.69802014140164,2.74247772512221
C017,0.151619328079984,0.169348819584805,,,C,Limpieza y cuidados de la casa,1,,86.0705014431802,112.302620753512,14,14,4.84778915540434,2.58827699310898
H099,0.0585951859671459,0.0613829765128982,0.0652791627045074,0.0683849576536743,H,"Prendas de vestir, calzado y accesorios",1,1,219.725629137589,150.393916903284,103,100,6.49208357303381,6.60749944705103
H017,0.421360907780024,0.445500018549169,0.193072478190751,0.204133300045523,H,"Prendas de vestir, calzado y accesorios",1,1,219.725629137589,150.393916903284,103,100,6.49208357303381,6.60749944705103
H093,0.180653075435247,0.189248029567518,0.197632674945252,0.20703546962284,H,"Prendas de vestir, calzado y accesorios",1,1,219.725629137589,150.393916903284,103,100,6.49208357303381,6.60749944705103
H106,0.201220039433456,0.210793510603306,0.209139285432366,0.219089531566932,H,"Prendas de vestir, calzado y accesorios",1,1,219.725629137589,150.393916903284,103,100,6.49208357303381,6.60749944705103
J046,0.0622631680251714,0.0709576732051135,0.111434877748747,0.126995780808177,J,Cuidados de la salud,1,1,91.198288910526,85.6673712831968,63,62,3.69802014140164,2.74247772512221
H039,0.108208802485066,0.113346604579974,,,H,"Prendas de vestir, calzado y accesorios",1,,219.725629137589,150.393916903284,103,100,6.49208357303381,6.60749944705103
H094,0.0477652264870088,0.0500377586859997,0.0697192380549705,0.0730362790285359,H,"Prendas de vestir, calzado y accesorios",1,1,219.725629137589,150.393916903284,103,100,6.49208357303381,6.60749944705103
M004,0.950713254505877,1.05085264597644,,,M,Transporte,1,,17.0507307000677,23.5162869106015,3,5,1.01513214825867,0.512742615027243
H085,0.127929901941457,0.134585817387444,0.123772851008466,0.130212484106895,H,"Prendas de vestir, calzado y accesorios",1,1,219.725629137589,150.393916903284,103,100,6.49208357303381,6.60749944705103
H074,1.49434956225285,1.57687955217919,0.784962210924449,0.828314131383062,H,"Prendas de vestir, calzado y accesorios",1,1,219.725629137589,150.393916903284,103,100,6.49208357303381,6.60749944705103
H047,0.508157628409712,0.535922479572533,0.257229871558872,0.271284465447022,H,"Prendas de vestir, calzado y accesorios",1,1,219.725629137589,150.393916903284,103,100,6.49208357303381,6.60749944705103
H037,0.468820699465137,0.491080514900953,,,H,"Prendas de vestir, calzado y accesorios",1,,219.725629137589,150.393916903284,103,100,6.49208357303381,6.60749944705103
J034,0.138619402775922,0.160915604158512,0.0309524939464878,0.0359310396948047,J,Cuidados de la salud,1,1,91.198288910526,85.6673712831968,63,62,3.69802014140164,2.74247772512221
H061,1.22982504607923,1.29702055285054,,,H,"Prendas de vestir, calzado y accesorios",1,,219.725629137589,150.393916903284,103,100,6.49208357303381,6.60749944705103
J042,0.428523339942293,0.485375570876584,1.09783658279169,1.24348666323163,J,Cuidados de la salud,1,1,91.198288910526,85.6673712831968,63,62,3.69802014140164,2.74247772512221
H019,0.247183023328608,0.261343754118319,,,H,"Prendas de vestir, calzado y accesorios",1,,219.725629137589,150.393916903284,103,100,6.49208357303381,6.60749944705103
J051,0.141849886678005,0.15944366273822,0.206179153322526,0.231751749373136,J,Cuidados de la salud,1,1,91.198288910526,85.6673712831968,63,62,3.69802014140164,2.74247772512221
H032,0.363090389821871,0.382929018759912,,,H,"Prendas de vestir, calzado y accesorios",1,,219.725629137589,150.393916903284,103,100,6.49208357303381,6.60749944705103
J036,0.397393811460272,0.436147791465167,0.230458293760602,0.252932665154414,J,Cuidados de la salud,1,1,91.198288910526,85.6673712831968,63,62,3.69802014140164,2.74247772512221
I015,0.250208216470377,0.275036052770259,0.277308374109398,0.304825323848695,I,"Cristalería, blancos y utensilios domésticos",1,1,18.5388655662831,17.2764005041131,18,20,0.74577375350915,0.55749319940035
K004,1.92828772302318,1.98856750902246,,,K,Enseres domésticos y mantenimiento de la vivienda,1,,32.0929336197309,21.4205451546647,17,11,0.924664854719204,0.965085602343787
J052,0.0963242763171313,0.108308030970909,0.0877855195277491,0.0987069628896638,J,Cuidados de la salud,1,1,91.198288910526,85.6673712831968,63,62,3.69802014140164,2.74247772512221
J049,0.109735103704317,0.123387306554717,0.220401509725491,0.247821779244845,J,Cuidados de la salud,1,1,91.198288910526,85.6673712831968,63,62,3.69802014140164,2.74247772512221
L016,0.140924597869467,0.133813915406535,,,L,Artículos de esparcimiento,1,,13.0625484430197,3.52088070651769,8,3,0.151986544855366,0.392811625813043
J058,0.141959632958048,0.164793092785802,0.0458077142397633,0.0531756439892292,J,Cuidados de la salud,1,1,91.198288910526,85.6673712831968,63,62,3.69802014140164,2.74247772512221
J043,0.469718492110637,0.514168142315618,0.0798431891331911,0.0873987822976702,J,Cuidados de la salud,1,1,91.198288910526,85.6673712831968,63,62,3.69802014140164,2.74247772512221
J070,1.0945039709745,1.19807732283292,0.829342259696856,0.9078232519569,J,Cuidados de la salud,1,1,91.198288910526,85.6673712831968,63,62,3.69802014140164,2.74247772512221
H052,0.0230176497457119,0.024297154698653,0.0209496363499478,0.0221141845887212,H,"Prendas de vestir, calzado y accesorios",1,1,219.725629137589,150.393916903284,103,100,6.49208357303381,6.60749944705103
J068,0.0850011067826638,0.0926026120253659,,,J,Cuidados de la salud,1,,91.198288910526,85.6673712831968,63,62,3.69802014140164,2.74247772512221
J038,0.0567757555908289,0.0632624367084853,0.0348618862638625,0.0388448881103446,J,Cuidados de la salud,1,1,91.198288910526,85.6673712831968,63,62,3.69802014140164,2.74247772512221
J012,0.326897360701595,0.354793664455588,0.357373213431806,0.387870222321806,J,Cuidados de la salud,1,1,91.198288910526,85.6673712831968,63,62,3.69802014140164,2.74247772512221
J013,0.000282859418152073,0.00030699767436654,0.00589850730948686,0.00640186576807899,J,Cuidados de la salud,1,1,91.198288910526,85.6673712831968,63,62,3.69802014140164,2.74247772512221
J015,0,0,0.00124023918359555,0.0013460769576263,J,Cuidados de la salud,1,1,91.198288910526,85.6673712831968,63,62,3.69802014140164,2.74247772512221
J005,0,0,0,0,J,Cuidados de la salud,1,1,91.198288910526,85.6673712831968,63,62,3.69802014140164,2.74247772512221
C003,,,9.62367826264042,10.8819383857738,C,Limpieza y cuidados de la casa,,1,86.0705014431802,112.302620753512,14,14,4.84778915540434,2.58827699310898
C004,,,12.803899004006,14.2368243652367,C,Limpieza y cuidados de la casa,,1,86.0705014431802,112.302620753512,14,14,4.84778915540434,2.58827699310898
C005,,,7.54916522820748,8.39401649642157,C,Limpieza y cuidados de la casa,,1,86.0705014431802,112.302620753512,14,14,4.84778915540434,2.58827699310898
G015,,,4.53031745722976,5.11171032984366,G,Vivienda y servicios de conservación,,1,329.368942677755,110.766588906965,7,11,4.78148296879814,9.90464842522434
M017,,,4.07352809932248,4.45227327908941,M,Transporte,,1,17.0507307000677,23.5162869106015,3,5,1.01513214825867,0.512742615027243
D009,,,8.78976748003777,9.51286500607985,D,Cuidados personales,,1,166.415436316109,154.803638066221,14,15,6.68243886740365,5.00437708498219
D022,,,9.85148054764707,11.0188832977897,D,Cuidados personales,,1,166.415436316109,154.803638066221,14,15,6.68243886740365,5.00437708498219
H007,,,0.219723457070751,0.232311072036635,H,"Prendas de vestir, calzado y accesorios",,1,219.725629137589,150.393916903284,103,100,6.49208357303381,6.60749944705103
N014,,,2.62192070754255,2.78929365093884,N,Otros gastos,,1,11.2482088539383,17.7636193272653,1,3,0.766805623570049,0.338251546141539
F011,,,2.83839058317035,3.26845535260583,F,Comunicaciones y servicios para vehículos,,1,373.718595277249,171.328337536329,4,4,7.39576379562,11.2383130786297
B007,,,3.91083236786356,4.32276348547985,B,Transporte público,,1,199.872191676205,168.940150568105,5,3,7.29267246250636,6.01047497811203
R008,,,2.38459446410065,2.38533961410177,R,Vivienda y servicios de conservación,,1,329.368942677755,110.766588906965,7,11,4.78148296879814,9.90464842522434
H123,,,0.524334183685553,0.555498818535587,H,"Prendas de vestir, calzado y accesorios",,1,219.725629137589,150.393916903284,103,100,6.49208357303381,6.60749944705103
H083,,,0.271730483382489,0.291353690179563,H,"Prendas de vestir, calzado y accesorios",,1,219.725629137589,150.393916903284,103,100,6.49208357303381,6.60749944705103
H136,,,0.369959211529292,0.408357288452775,H,"Prendas de vestir, calzado y accesorios",,1,219.725629137589,150.393916903284,103,100,6.49208357303381,6.60749944705103
I008,,,0.0260026405818705,0.0275177694640079,I,"Cristalería, blancos y utensilios domésticos",,1,18.5388655662831,17.2764005041131,18,20,0.74577375350915,0.55749319940035
I005,,,0.160059533106584,0.176232747668982,I,"Cristalería, blancos y utensilios domésticos",,1,18.5388655662831,17.2764005041131,18,20,0.74577375350915,0.55749319940035
N006,,,3.91604076488706,4.35626941886399,N,Otros gastos,,1,11.2482088539383,17.7636193272653,1,3,0.766805623570049,0.338251546141539
M001,,,12.9342001713374,14.2965698744813,M,Transporte,,1,17.0507307000677,23.5162869106015,3,5,1.01513214825867,0.512742615027243
E009,,,1.24587704850049,1.35484457733023,E,"Educación, cultura y recreación",,1,222.964744106924,114.123593966923,13,12,4.92639546162431,6.70490479049148
K029,,,0.665848379071631,0.700110329196405,K,Enseres domésticos y mantenimiento de la vivienda,,1,32.0929336197309,21.4205451546647,17,11,0.924664854719204,0.965085602343787
I022,,,0.643689628365945,0.711810032379966,I,"Cristalería, blancos y utensilios domésticos",,1,18.5388655662831,17.2764005041131,18,20,0.74577375350915,0.55749319940035
K002,,,0.930650511463845,0.993458455132678,K,Enseres domésticos y mantenimiento de la vivienda,,1,32.0929336197309,21.4205451546647,17,11,0.924664854719204,0.965085602343787
H125,,,0.0739632320937317,0.0800725780531306,H,"Prendas de vestir, calzado y accesorios",,1,219.725629137589,150.393916903284,103,100,6.49208357303381,6.60749944705103
R011,,,2.74297451809741,2.89656251568743,R,Vivienda y servicios de conservación,,1,329.368942677755,110.766588906965,7,11,4.78148296879814,9.90464842522434
F002,,,5.58606958096733,5.96306345702476,F,Comunicaciones y servicios para vehículos,,1,373.718595277249,171.328337536329,4,4,7.39576379562,11.2383130786297
H012,,,0.00424494291532121,0.0046855256593608,H,"Prendas de vestir, calzado y accesorios",,1,219.725629137589,150.393916903284,103,100,6.49208357303381,6.60749944705103
M013,,,0.822619458100822,0.991330899008166,M,Transporte,,1,17.0507307000677,23.5162869106015,3,5,1.01513214825867,0.512742615027243
G013,,,6.97475855784781,9.80692903877177,G,Vivienda y servicios de conservación,,1,329.368942677755,110.766588906965,7,11,4.78148296879814,9.90464842522434
H066,,,0.0606151448870557,0.0669063924721073,H,"Prendas de vestir, calzado y accesorios",,1,219.725629137589,150.393916903284,103,100,6.49208357303381,6.60749944705103
M010,,,0.605139429071642,0.672831512891156,M,Transporte,,1,17.0507307000677,23.5162869106015,3,5,1.01513214825867,0.512742615027243
H080,,,0.0462221881400522,0.0487563841310052,H,"Prendas de vestir, calzado y accesorios",,1,219.725629137589,150.393916903284,103,100,6.49208357303381,6.60749944705103
E008,,,0.906239765074684,0.98342607815745,E,"Educación, cultura y recreación",,1,222.964744106924,114.123593966923,13,12,4.92639546162431,6.70490479049148
G012,,,0.579530375016983,0.81485448083497,G,Vivienda y servicios de conservación,,1,329.368942677755,110.766588906965,7,11,4.78148296879814,9.90464842522434
I001,,,1.08849919966408,1.19848659476314,I,"Cristalería, blancos y utensilios domésticos",,1,18.5388655662831,17.2764005041131,18,20,0.74577375350915,0.55749319940035
H082,,,0.166880269425533,0.184200777261856,H,"Prendas de vestir, calzado y accesorios",,1,219.725629137589,150.393916903284,103,100,6.49208357303381,6.60749944705103
E022,,,0.489504753157646,0.533444481108873,E,"Educación, cultura y recreación",,1,222.964744106924,114.123593966923,13,12,4.92639546162431,6.70490479049148
H031,,,0.222675506420919,0.234103243248959,H,"Prendas de vestir, calzado y accesorios",,1,219.725629137589,150.393916903284,103,100,6.49208357303381,6.60749944705103
H054,,,0.123573645234759,0.136399357333737,H,"Prendas de vestir, calzado y accesorios",,1,219.725629137589,150.393916903284,103,100,6.49208357303381,6.60749944705103
H026,,,0.00830060449713967,0.00916212447031472,H,"Prendas de vestir, calzado y accesorios",,1,219.725629137589,150.393916903284,103,100,6.49208357303381,6.60749944705103
J072,,,0.00284398089464251,0.00284398089464251,J,Cuidados de la salud,,1,91.198288910526,85.6673712831968,63,62,3.69802014140164,2.74247772512221
CA,1351.24,1544.07,1164.75,1164.75,CA,Canasta Alimentaria,1,1,1544.07,1164.75,1,1,50.2789906492953,46.432642888552
